{"mean": [103.73901663970123, 113.28562521392803, 118.841018219835], "std": [58.38053469199891, 59.317639108799355, 60.30717930231162]}